MARA_MATNR,MAKT_MAKTX
000000002410000174,CHZIT 2 FLVS CRCKR SHPRX12
000000002410010045,CHZIT 2 FLVS CRCKR QTR MODX72
000000002410010069,CHZIT 5 FLVS CRCKR HALF MODX215
000000002410010200,CHZIT ORIG CRCKR 2CT 48OZX192 CLUB
000000002410010201,CHZIT ORIG CRCKR 45CT 67.5OZX70 CLUB
000000002410010420,CHZIT 5 FLVS CRCKR MODX430
000000002410010442,CHZIT ORIG CRCKR XTRA TSTY 12.4OZX12
000000002410010444,CHZIT CHDR CRCKR GRVS 9OZX12
000000002410010480,CHZIT WHL GRN FAFH CRCKR 1ozX60
000000002410010623,CHZIT TSTY CHDR JCK CRCKR 12.4OZX12
000000002410010684,CHZIT ORIG CRCKR 12.4OZX12
000000002410010823,CHZIT SHRP WHT CHDR GRVS CRCKR17OZX12
000000002410010892,CHZIT WHITE CHDR CRCKR 67.5OZX70 CLUB
000000002410010946,CHZIT ORIG CRCKR 30OZX4 CADDY
000000002410010986,CHZIT SNACK MX ORIG CRCKR 6OZX8 STNDUP
000000002410011044,CHZIT WHT CHDR CRCKR GRVS 27OZX180 CLUB
000000002410011059,CHZIT CHDR JCK JLPNO DUOZ CRCKR 12.4X12
000000002410011061,CHZIT BCN CHDR DUOZ CRCKR 12.4OZX12
000000002410011089,CHZIT BCN & CHDR DUOZ CRCKR 4.3OZX6
000000002410011097,CHZIT BUFFALO WINGS CRCKR 12.4OZX12
000000002410011134,CHZIT ORIG CRCKR XTRA TSTY 7OZX12
000000002410011140,CHZIT CRCKR 6 21OZX6 CSSZRED RCP
000000002410011394,CHZIT CHDR RNCH CRCKR GRVS 6OZX6
000000002410011396,CHZIT WHITE CHDR CRCKR GRVS 6OZX6
000000002410011422,CHZIT DBL CHSE CRCKR SNPD 2.2OZX6 SS
000000002410011440,CHZIT DBL CHSE CRCKR SNPD 7.5OZX6
000000002410011460,CHZIT CHDR SCO CKR SNPD 2.2OZX6 SS
000000002410011469,CHZIT SNACK MX CRCKR 10.5OZX8
000000002410011470,CHZIT SNKMX DBLCHSE CRKR 9.75OZX8
000000002410011481,CHZIT DBLE CHSE SNPD 1.5OZX36 FNT END SS
000000002410011486,CHZIT CHDR SCO CRCKR SNPD 7.5OZX6
000000002410011500,CHZIT 2 FLVS CRCKR SNPD 31.5OZX60 CLUB
000000002410011508,CHZIT EXTRA TSTY CRCKR 21OZX12
000000002410011530,CHZIT 2 FLVS CRCKR HALF MODX144 EVDY OFR
000000002410011532,CHZIT CHZ IT CRCKR SHPRX54 EVDY OFR
000000002410011533,CHZIT 2 FLVS CRCKR HALF MODX330 EVDY OFR
000000002410011534,CHZIT 2 FLVS CRCKR MODX660 EVDY OFR
000000002410011537,CHZIT 2 FLVS CRCKR SHPRX27 EVDY OFR
000000002410011542,CHZIT 5 FLVS CRCKR HALF MODX196 EVDY OFR
000000002410011544,CHZIT 5 FLVS CRCKR GRV HFMDX280 EVDY OFR
000000002410011546,CHZIT 5 FLVS CRCKR MODX392 EVDY OFR
000000002410011547,CHZIT 5 FLVS CRCKR MODX560 EVDY OFR
000000002410011560,CHZIT WHT CHDR CRCKR 630LBX1 KSC TOTE
000000002410011591,CHZIT ORIG CRCKR 25OZX8
000000002410011616,CHZIT 2 FLVS CRCKR HALF MODX280 EVDY OFR
000000002410011621,CHZIT WHT CHDR CRCKR 7OZX6
000000002410011624,CHZIT EXTRA TSTY CRCKR 18OZX36 SS
000000002410011659,CHZIT EXTRA CHSY CRCKR 12.4OZX12
000000002410011661,CHZIT EXTRA CHSY CRCKR 7OZX12
000000002410011663,CHZIT CHDR SCO CRCKR SNPD 12OZX5
000000002410011665,CHZIT DBL CHSE CRCKR SNPD 12OZX5
000000002410011669,CHZIT 2 FLVS CRCKR SHPRX72 EVDY OFR
000000002410011680,CHZIT CD 2 FLVS CRCKR PDQ TRAYX6
000000002410011683,CHZIT 3 FLVS CRCKR HALF MODX144 EVDY OFR
000000002410011685,CHZIT WHT CHDR CRCKR 40CT 40.8OZX1 ECOMM
000000002410011686,CHZIT ORIG CRCKR 40CT 40OZX1 ECOMM
000000002410011688,CHZIT VRTY CRCKR 42CT 37.74OZX1 ECOMM
000000002410011689,CHZIT 2 FLVS CRCKR QTR MODX72 EVDY OFR
000000002410011690,CHZIT 4 FLVS CRCKR QTR MODX112 EVDY OFR
000000002410011716,CHZIT CD EXTRA TSTY CRCKR 12CT 12OZX4
000000002410011719,CHZIT CD SNCK MX CRCKR 12CT 9OZX4
000000002410011733,CHZIT WHT CHDR CRCKR 21OZX6 EVDY OFR RCP
000000002410011760,KRSP SALTINES CRCKR HLF MODX160 EVDY OFR
000000002410011771,CHZIT EXTRA CHSY CRCKR 36CT 18OZX36 SS
000000002410011791,CHZIT EXTRA TSTY CRCKR 7OZX6
000000002410011793,CHZIT 4 FLVS XTRA CKR QTRMDX112 EVDY OFR
000000002410011794,CHZIT 5 FLVS CRCKR HALF MODX280 EVDY OFR
000000002410012363,CHZIT CD 3 FLVS CRCKR 18.68OZX4 VP
000000002410012367,CHZIT 6 FLVS CRCKR CORE + BAG HLF MDX250
000000002410012368,CHZIT 6 FLVS CRCKR MODX500
000000002410012371,CHZIT 6 FLVS CRCKR CORE + PFD HLF MDX250
000000002410012372,CHZIT 5 FLVS CRCKR HLF MODX180
000000002410012373,CHZIT EXTRA CRNCHY CRCKR 7OZX12
000000002410012377,CHZIT 3 FLVS CRCKR HTCHX72
000000002410012378,CHZIT CD VRTY PAK CRCKR MODX100
000000002410012379,CHZIT CD VRTY PAK CRCKR HLF MODX50 CADDY
000000002410012381,CHZIT 4 FLVS CRCKR 111OZX1 BULK
000000002410012383,CHZIT DBL CHSE CRCKR PUFFD 5.75OZX1 DTC
000000002410012396,CHZIT 4 FLVS CRCKR HLF MODX196
000000002410012397,CHZIT 2 FLVS CRCKR HTCHX45
000000002410012399,CHZIT CHSE CRCKR 0.75OZX240 BULK
000000002410012401,CHZIT CD ORIG CRCKR 4.5OZX6
000000002410012403,CHZIT PSTO & MOZZ CRCKR 12.4OZX12
000000002410012407,CHZIT SHRP WHTCHDR CKR CHPS SNPD 2.2OZX6
000000002410012409,CHZIT CD 5 FLVS CRCKR 35.25OZX70 CLUB
000000002410012411,CHZIT CD ORIG CRCKR 30OZX4 VALENTINE WM
000000002410012414,CHZIT CD ORIG CRCKR 30OZX4 VALEN NAT
000000002410012417,CHZIT SMKD GDA CRCKR 12.4OZ X12
000000002410012421,CHZIT SMKED CHDR CRCKR 7OZ X12
000000002410012423,CHZIT SMKED CHDR CRCKR 12.4OZ X12
000000002410012425,CHZIT CD 2 FLVS CRCKR TRAYX6 ALDI CADDY
000000002410012426,CHZIT 3 FLVS CRCKR HTCHX54
000000002410012431,CHZIT SPICY BUFFALO CRCKR 0.75OZ X 175 B
000000002410012434,CHZIT BCNATR CRCKR 12.4OZX12
000000002410012451,CHZIT PIZZA CRCKR SNPD 7.5OZX6
000000002410012453,CHZIT 2 FLVS CRCKR HTCHX45
000000002410012458,CHZIT ORIG 4 FAVES SN MX 10.5OZX8
000000002410012461,CHZIT 4 FLVS CRCKR QTR MODX112
000000002410012462,CHZIT 3 FLVS CRCKR HTCHX45
000000002410012463,CHZIT ORIG FLAGS CRCKR 12.4OZX12
000000002410012467,CHZIT 2 FLVS CRCKR FLR STNDX45
000000002410012468,CHZIT 2 FLVS CRCKR HTCHX72
000000002410012470,CHZIT CD 4 FLVS CRCKR HLF MODX170 CADDY
000000002410012471,CHZIT CHSY TCO CRCKR 12.4OZX12
000000002410012477,CHZIT BCNATR CRCKR 3OZX36
000000002410012479,CHZIT BCN CRCKR HUTCH SHPRX48
000000002410012481,CHZIT CD 5 FLVS CRCKR 28.74OZX4
000000002410012483,CHZIT 2 FLVS CRCKR SNPD DMP BIN SHPRX200
000000002410012485,CHZIT CHDRSCO CRCKR SNPD 0.75OZX100 BULK
000000002410012486,CHZIT DBLCHSE CRCKR SNPD 0.75OZX100 BULK
000000002410012489,CHZIT SMKED CHDR CRCKR 3OZX36  SS
000000002410012492,CHZIT 3 FLVS CRCKR FLR STNDX48
000000002410012493,CHZIT CD ORIG CRCKR 30OZX4 CADDY WM HW
000000002410012496,CHZIT HOT&SPCY CRCKR 21OZX12
000000002410012499,CHZIT 3 FLVS CRCKR HALF MODX280 WM
000000002410012504,CHZIT SMKED CHDR CRCKR 12OZX4
000000002410012507,CHZIT 3 FLVS CRCKR FLOOR STANDX48
000000002410012509,CHZIT CHSE CRCKR 4.5OZX10 WM
000000002410012513,CHZIT LTTRS CHDR JCK CRCKR 21OZX12 DG
000000002410012515,CHZIT SNCK MX CRCKR 17.8OZX12
000000002410012517,CHZIT CD ORIG CRCKR 30OZX4 CADDY NAT HW
000000002410012523,CHZIT EXTRA TSTY CRCKR 40OZX1 ECOMM
000000002410012524,CHZIT 3 FLVS CRCKR 37.2OZX1  CLUB
000000002410012530,CHZIT 2 FLVS CRCKR HUTCHX45
000000002410012531,CHZIT PIZZA CRCKR SNPD 24OZX1 CLUB
000000002410012535,CHZIT PRG ECOMM VRTY PK
000000002410012536,CHZIT 3 FLVS CRCKR 37.2OZX1 CLUB
000000002410012539,CHZIT DBL CHSE CRCKR SNPD 4.2OZX5
000000002410012541,CHZIT CHDR SCO CRCKR SNPD 4.2OZX5
000000002410012543,CHZIT ORIG CRCKR 20OZX4 OTG CADY SMMR
000000002410012544,CHZIT CDVRTY CRCKR 20CT 19.1OZX4 CADSMMR
000000002410012545,CHZIT ORIGCRCKR 20OZX4 OTGCADYSMMRTARGET
000000002410012546,CHZIT 2 FLVS CRCKR QTR MODX112
000000002410012549,00075 CHZIT CD 2 FLVS CRCKR HALF MODX96
000000002410012552,CHZIT 5 FLVS CRCKR SHPRX35 DG SMMR
000000002410012554,CHZIT 2 FLVS CRCKR HUTCHX45 ALBTSNS
000000002410012792,CHZIT ORIG CRCKR 1OZX200 BULK CWI
000000002410012805,CHZIT 3 FLVS CRCKR 21OZX6CT
000000002410012821,CHZIT 2 FLVS CRCKR FLOOR STANDX54
000000002410012838,CHZIT FRNCH ON DIP CRCKR 12.4OZX12 KR
000000002410012855,CHZIT ORIG CRCKR 45CT67.5OZX70 CLUB NJF
000000002410012860,CHZIT CD 3 FLVS CRCKR 45.78OZX1 CLUB
000000002410012902,CHZIT 2 FLVS CRCKR TRAYX12CT ALDI
000000002410012903,CHZIT 2 FLVS CRCKR TRAYX12 ALDI ORIG/WC
000000002410013067,KRSP SALTINE CRCKR 16OZX12
000000002410013328,ZESTA CRCKR CRSH 10 LBX1 CRSHD BULK
000000002410013434,CHZIT WHITE CHDR CRCKR BIG 2OZX60 SS
000000002410019132,CHZIT ORIG CRCKR 3OZX36 SS
000000002410020360,CHZIT CHDR JACK CRCKR 3OZX36 SS
000000002410020408,CHZIT ORIG CRCKR 7OZX6
000000002410020417,CHZIT CHDR JACK CRCKR 7.00X6
000000002410021912,CHZIT ORIG CRCKR 3OZX60
000000002410022642,CHZIT ORIG CRCKR 4.50X12 SS
000000002410022822,CHZIT HOT&SPCY CRCKR 630LBX1 BULK WIP
000000002410022876,CHZIT WHITE CHDR CRCKR 4.50X12 SS
000000002410031532,CHZIT WHITE CHDR CRCKR 3OZX36 SS
000000002410035540,CHZIT CRCKR 630LBX1 BULK TOTE
000000002410037278,CHZIT HOT&SPCY CRCKR 3OZX36 SS
000000002410044069,CHZIT ORIG CRCKR 21OZX12
000000002410044076,CHZIT RDCD FT CRCKR 11.50X12
000000002410044086,CHZIT WHITE CHDR CRCKR 21.00X12
000000002410053522,CHZIT RDCD FT CRCKR 19.00X12
000000002410057379,CHZIT PEPPER JACK CRCKR 3OZX36 SS
000000002410057466,CHZIT ORIG CUP CRKR 2.2ozX10
000000002410057715,CHZIT SNACK MX ORIG CRCKR 4.5OZX6 SS
000000002410057720,CHZIT DBLE CH SNK MIX CRCKR 3.5OZX6 SS
000000002410057728,CHZIT DUOZ CHDR PRM GLK CRCKR 4.3OZX6
000000002410059440,CHZIT ORIG BIG CRCKR 11.7OZX12
000000002410059472,CHZIT CHDR RNCH GRVS CRCKR 9OZX12
000000002410059474,CHZIT SHRP WHT CHDR GRVS CRCKR 9OZX12
000000002410070495,CHZIT WHITE CHDR CUP 2.2ozX10ct
000000002410070562,CHZIT ORIG CRCKR 7 OZX12
000000002410070569,CHZIT WHITE CHDR CRCKR 7 OZX12
000000002410070583,CHZIT HOT&SPCY CRCKR 7ozX12
000000002410078886,CHZIT CHDR JCK CRCKR 12.4OZX12
000000002410078894,CHZIT DUOZ CHDR PRM CRCKR 12.4OZX12
000000002410078896,CHZIT HOT&SPCY CRCKR 12.4OZX12
000000002410078911,CHZIT ITAL CHSE CRCKR 12.4OZX12
000000002410078924,CHZIT PEPPER JACK CRCKR 12.4OZX12
000000002410078936,CHZIT WHITE CHDR CRCKR 12.4OZX12
000000002410078940,CHZIT WHL GRN CRCKR 12.4OZX12
000000002410079263,CHZIT ORIG FAFH WHGRN 0.75OZX175
000000002410092189,CHZIT SNACK MX ORIG CRCKR 40OZX4
000000002410092816,CHZIT DUOZ CHDR/BSWIS CRCKR 4.3OZX6
000000002410093646,CHZIT CHDR RNCH GRVS CRCKR 3.25OZX6
000000002410093647,CHZIT SHRP WHT CHDR GRVS CRCKR 3.25OZX6
000000002410093995,CHZIT ORIG CRCKR 12OZX6 CADDY
000000002410094026,CHZIT 3 FLVS CRCKR 12.1OZX4 OTG CADY
000000002410094058,CHZIT ORIG CRCKR 20OZX4 OTG CADY
000000002898910063,MSF SPCY BLK BEAN FRZ BRG 9.5OZX8
000000002898910065,MSF SPCY BLK BEAN FRZ BRG 18.9OZX5
000000002898910067,MSF GAR VEG FRZ PAT 9.5OZX8
000000002898910079,MSF GRL FRZ BRG 18OZX5
000000002898910081,MSF GRL FRZ BRG 9OZX8
000000002898910083,MSF GRL PRIME FRZ BRG 10OZX8
000000002898910087,MSF SAUSAGE FRZ PAT 8OZX6
000000002898910089,MSF SAUSAGE FRZ PAT 16OZX5
000000002898910091,MSF MAPL FRZ PAT 8OZX6
000000002898910093,MSF HOT&SPCY SSG FRZ PAT 8OZX6
000000002898910101,MSF ORIG FR CHK PAT 4CT 10OZX8
000000002898910103,MSF BFFLO CHIK FRZ PAT 10OZX7
000000002898910107,MSF CHIKN NUGGETS FRZ 10.5OZX6
000000002898910109,MSF BFFLO NGGTS FRZ 10.50ZX6
000000002898910128,MSF CHIK FRZ STRP 10OZX6
000000002898910170,MSF CHICK FRZ STRP 13.5OZX5
000000002898910202,MSF CHIK PATTIES FRZ 2.5OZX64 BULK
000000002898910203,MSF GAR VEG FRZ BRG 16CT 56OZX9 CLUB
000000003010011355,CLUB CRKR ORIG SNK STK 12.5OZX6 RCP
000000003010011478,PL SALTINE CRCKR 0.2OZX500 REST PK
000000003010011694,CSC WHEAT CRCKR 0.2OZX500 BULK
000000003010011930,TH EVTHNG PITA CRCKR 9.5OZX12
000000003010011962,TSTD WHT CRCKR 8OZX6
000000003010011964,TSTD ONION CRCKR 8OZX6
000000003010012006,KLG GRM CRK 12.7OZX4  OTG CDY PAW PATROL
000000003010012101,TSTD BTR CRISP CRCKR 8OZX6
000000003010012108,KLG TST PB CRCKR 20CT 27.6OZX6
000000003010012227,KLG SCOOBY CIN GRHM STX CKR 11OZX6 RCP
000000003010012260,TSTD 2 FLVS CRCKR SHPRX60 EVDY OFR
000000003010012262,ZSTA SALTINE CRCKR HALF MODX160 EVDY OFR
000000003010012264,TH 2 FLVS CRCKR SHPRX40 EVDY OFR
000000003010012269,TH 3 FLVS CRCKR HALF MODX280 EVDY OFR
000000003010012270,CLUB CRCKR 2 FLVS CRCKR SHPRX42 EVDY OFR
000000003010012274,CLB CRCKR 3 FLVS HALF MOD X310 EVDY OFR
000000003010012291,MXD 2 FLVS CRCKR SHPRX44EVDY OFR
000000003010012295,MXD 2 FLVS CRCKR HALF MODX204 EVDY OFR
000000003010012296,MXD 5 FLVS CRCKR HALF MODX200 EVDY OFR
000000003010012298,MXD 2 FLVS CRCKR HALF MODX295 EVDY OFR
000000003010012348,TSTD RSMRY OLVOL CRCKR 200OZX1 BULK
000000003010012414,TSTD RSMRY OLVOL CRCKR 8OZX6
000000003010012457,CLUB CRCKR GRLC & PARM CRCKR MNI 11OZX12
000000003010012582,KLG VRTY CRCKR SNDW 45CT 62.1OZX1 ECOMM
000000003010012583,ZSTA SALTINE CRCKR QTR MODX80 EVDY OFR
000000003010012590,TH 3 FLVS CRCKR QTR MODX106 EVDY OFR
000000003010012593,MXD 2 FLVS CRCKR QTR MODX121 EVDY OFR
000000003010012594,KLG CHSE & PB CRCKR 20CT 27.6OZX6
000000003010012641,KLG 3 FLVS CRCKR SHPRX72
000000003010012662,3010012593 MXD 2 FLVS CRCKR QTR MODX 121
000000003010012679,TSTD 3 FLVS CRCKR 40OZX1 VRTY PCK CLUB
000000003010012695,GRHMS VAN CHAT SNCKS CRCKR 1OZX210 SS
000000003010012702,MXD 4 FLVS CRCKR 52 OZ X1 CLUB
000000003010012728,ZSTA LG OYSTR CRCKR 0.5OZX150 REST PK
000000003010012736,TH SSLT DIPPING THINS 9OZX12
000000003010012743,KLG CINNA GRHM CRCKR 40CT 40OZX1 ECOMM
000000003010012761,CLUB ZSTA CRCKR 4CT 57OZX1 ECOMM VRTY PK
000000003010012773,KLG 3 FLVS CRCKR HALF MODX336
000000003010012803,2 FLVS CHZIT ORIG & SCOOBY CINN 12OZX4
000000003010012842,TH ORIG CRCKR QTR MODX108
000000003010012869,ZSTA UNSLTD CRCKR 0.2OZX500 BULK REST PK
000000003010012870,KLG WHT CRCKR 0.25OZX500 BULK REST PK
000000003010012874,TH ORIG CRCKR 20.7OZX6
000000003010012883,TH PRTZL CRCKR MINI 10.20OZX12
000000003010012897,TSTD SSLT CRCKR 8.7OZX12
000000003010012899,TSTD ITAL HERB CRCKR 8.7OZX12
000000003010012901,CLUB CRCKR ORIG CRCKR MINI 11OZX12
000000003010012906,CLUB CRKR ORIG CRCKR 13.7OZX12 HOL
000000003010012907,TH ORIG CRCKR 13.8OZX12 HOL
000000003010012908,TH FLIPSIDES ORIG 9.2OZX12 HOL
000000003010012909,TH SSLT PITA CRCKR 9.5OZX12 HOL
000000003010012917,CLUB CRCKR 2 FLVS CRCKR 40.1OZX1 ECOMM
000000003010012918,KLG 2 FLVS CRCKR SHPRX48
000000003010012924,MXD 2 FLVS CRCKR MODX602
000000003010012931,CLUB CRCKR 3 FLVS CRCKR MINIS SHPRX42
000000003010012936,GRPZ 3 FLVS CRCKR 11OZX4
000000003010012945,CLUB CRCKR CINN SGR CRCKR 11OZX12
000000003010012951,KLG SCOOBY CHOC CRCKR 40OZX1 WBS ECOMM
000000003010012952,CLUB CRCKR HT HNY CRCKR 7.1OZX6
000000003010012956,KLG SCOOBY CHOC BNS CRCKR 1OZX210
000000003010012958,CLUB CRCKR 2 FLVS CRCKR HALF MODX310
000000003010012959,CLUB CRCKR ORIG CRCKR SHPRX42
000000003010012961,TSTD 2 FLVS CRCKR SHPRX40
000000003010012963,CLUB CRCKR CINN SGR CRCKR HTCHX42
000000003010012964,TH 3 FLVS CRCKR HLF MODX193
000000003010012965,TH 3 FLVS CRCKR 46.3OZX1 ECOMM
000000003010012971,KLG 2 FLVS CRCKR 30OZX4 VALENTINE WM CDY
000000003010012973,KLG 2 FLVS CRCKR 30OZX4 VALEN CADDY
000000003010012976,CLUB CRCKR SWT HWN CRCKR 13.7OZX12
000000003010021164,KLG CHSE&PB CRCKR 21.60X144 SS
000000003010021166,KLG TST & PB CRCKR 21.60X144 SS
000000003010021485,ZESTA SALTINE CRCKR 160OZX1 BULK
000000003010021618,ZSTA SOUP OYSTER S CRCKR 160OZX1 BULK
000000003010022869,KLG SCOOBY HONEY GRHM STX CRCKR 11OZX12
000000003010026351,TSTD PRTY PK CRCKR 12OZX12
000000003010028100,OCRCK BTR CRCKR 336x1
000000003010028101,OCRCK WHT CRCKR 289.6x1
000000003010030074,GRHMS GRHM CRCKR 0.49OZX200 REST PK
000000003010037739,MIXED CRCKR MEDLEY 6.25LBX1 BULK
000000003010038406,GRHMS HNEY CRCKR 0.49OZX200 BULK REST PK
000000003010040213,GRHMS TGR BTS ORG CRCKR 150CT 1OZX150 SS
000000003010044372,KLG CRCKR SHPR X48
000000003010047241,KLG CLB CHDR CRCKR 6PK 8CT 11OZX12
000000003010047324,KLG CHPB CRCKR 6PK 8CT 11OZX12
000000003010047357,KLG TST & PB CRCKR 6PK 8CT 11OZX12
000000003010048717,KLG CH ON CH CRCKR 11OZX12
000000003010050689,KLG SCOOBY CIN GRHMSTX CRCKR 1OZX210 SS
000000003010055644,KLG BUG BTS CRCKR 1OZX210 SS
000000003010057398,MIXED VRTY CRCKR 0.24x500 REST PK
000000003010067355,TH ORIG CRCKR 104OZX1 BULK
000000003010078457,TH SSLT PITA CRCKR 9.5OZX12
000000003010078466,TH MDTRN HRB PITA CRKR 9.5OZX12
000000003010080741,GRP CHOC CHP CRCKR 0.95OZX150
000000003010091822,GRHMS HNY GRM CRCKR 0.78OZX150
000000003010091829,GRHMS ORIG CRCKR 0.78OZX150
000000003800004888,PT MIXED 21.75OZX12
000000003800005817,PT FRSTD SMORES TSTP 2CT 3.30OZX72 SS
000000003800005872,NG VRTY BAR 48CT 20.8OZX3
000000003800010029,PRG US ORG 60/19G SNKSTK
000000003800010068,PRG US SNK STK ORG 48CT 912GX65 CLUB
000000003800010094,PRG LA Cheese 14X137G
000000003800010522,SPK 2 FLVS PRT MEAL BAR ASSTX4
000000003800010675,RKT ORIG BAR 40CT 31.2OZX4CT CS
000000003800010739,NG VRTY BAR 48CT 62.4OZX175 CLUB
000000003800010758,EG BLUBRRY FRZ WFL 60CT 74.1OZX180 CLUB
000000003800010826,NG VRTY BAR 36CT 46.8OZX245 CLUB
000000003800011029,NG STRW BAR 8CT 10.4OZX6
000000003800011032,NG APL BAR 8CT 10.4OZX6 RCP
000000003800011042,EG HSTYLE FRZ WFL 40CT 49.3OZX240
000000003800011052,RKT WHL GRN BAR 1.41OZ 20CTX4 SS
000000003800011286,EG HSTYLE FRZ WFL MINIS 10CT 10.9OZX8
000000003800011336,NG BLUBRRY BAR 16CT 20.8OZX6
000000003800011480,EG CINN TST FRZ WFL MINIS 10CT 10.75OZX8
000000003800011895,EG BLUBRRY WFL 10CT 12.3OZX8
000000003800011896,EG BTRMLK WFL 10CT 12.3OZX8
000000003800011897,EG CHOC CHP WFL 10CT 12.3OZX8
000000003800012070,PT WHL GRN CHOC TSTP 1.69OZ 10CTX12 SS
000000003800012073,PT WHL GRN CHOC TSTP 2CT 3.3OZX72 SS
000000003800012173,RKT ORIG MINI BAR 60CT 23.2OZX4 HALLOWN
000000003800012249,EG HSTYLE WFL 72 88.8OZX1 HISP CLUB
000000003800012346,RKT MINI BAR 50CT 19.5OZX4
000000003800012490,SPK PRTN CHOC CHP CK DOU BAR 12CT 19OZX6
000000003800012670,RKT ORIG BAR 25CT 32.5OZX189 CLUB
000000003800012842,PRG MX DW ORG CRISPS 14X124G GAMING
000000003800012872,PRG MX DW SCO CRISPS 14X124G GAMING
000000003800012877,PRG MX DW CHZ CRISPS 14X124G GAMING
000000003800012954,NG BLUBRRY BAR 10.4OZX6 RCP
000000003800013060,PRG LA ORG CRISPS 14X124G GAMING
000000003800013287,PRG LA SCO CRISPS 14X124G GAMING
000000003800013321,PRG LA SCO CRISPS 12X40G SWITCH
000000003800013322,PRG LA ORG CRISPS 12X37G SWITCH
000000003800013338,PRG LA CHZ CRISPS 12X40G SWITCH
000000003800013463,PRG 3 FLVS CRISPS 48CT MXD GRB & GO SHPR
000000003800013840,PRG US ORG CRISPS 14X149G
000000003800013842,PRG US SCO CRISPS 14X158G
000000003800013844,PRG US ORG CRISPS 149GX14 TRY
000000003800013845,PRG US SCO CRISPS 14X158G TRY
000000003800013856,PRG US CHDRCHZ CRISPS 14X158G
000000003800013858,PRG US CHDRCHZ CRISPS 14X158G TRY
000000003800013859,PRG US S&V CRISPS 14X158G
000000003800016591,EG HMSTYL WFL 10CT 12.3OZX8 MCKY & FRNDS
000000003800016756,SPK CRISP STRAW BAR 15.84OZX6 36CT
000000003800016770,SPK CRSP BSGR CINN BAR 12CT 5.28OZX8
000000003800016772,SPK CRSP BLUBRY BAR 12CT 5.28OZX8
000000003800016777,SPK CRSP STRW BAR 12CT 5.28OZX8
000000003800016814,PRG 2 FLVS CRISPS 84CT PDSTL ORG/SCO
000000003800016909,PRG US PIZZA CRISPS 12X71g G&G
000000003800016967,PRG US SCO CRISPS 203G X 14 CAN
000000003800017067,PRG US S&V CRISPS 158G X 14 HOOPS
000000003800017114,RKT ORIG BAR 60CT 46.8OZX120 CLUB
000000003800017115,RKT ORIG BAR 60CT 46.8OZX120 EXPT CLUB
000000003800017196,PT WHL GRN BB TSTP 1.69OZ 10CTX12 SS
000000003800017199,PT WHL GRN BLUBRRY TSTP 2CT 3.3OZX72 SS
000000003800017311,PRG US ORG CRISPS 149X14 RD WT BL
000000003800017312,PRG US CHDRCHZ CRISPS 158X14 RD WT BL
000000003800017315,PRG US SCO CRISPS 158X14 RD WT BL
000000003800017378,RKT ORIG BAR MIN 60CT 23.2OZX4 ALDI HLWN
000000003800017590,PRG US CHDRCHZ CRISPS 203G x 14 CT
000000003800017592,PRG US BBQ CRISPS 203G X 14CT
000000003800017718,RKT 1 FLV BAR HALF MODX64 EVDY OFR
000000003800017719,RKT 1 FLV BAR HALF MODX440 EVDY OFR
000000003800017782,PRG MX ORG CRISPS 12X37G PRM 3
000000003800017783,PRG MX SCO CRISPS 12X40G PRM 3
000000003800017839,RKT ORIG BAR 60CT 46.8OZX120 BJ CLUB
000000003800017867,EG HSTYLE FRZ WFL 10CT 12.3OZX8
000000003800018174,PRG CRISPS SNK STK US BBQ CRISPS 21GX60
000000003800018258,PRG CRISPS SNK STK 3 FLVS CRISPS 27CT
000000003800018263,PRG CRISPS SNK STK 6 FLVS CRISPS 27CT
000000003800018364,PRG US BBQ CRISPS 12CT X 71G
000000003800018366,PRG US BBQ CRISPS 14CT X 158G
000000003800018367,PRG US BBQ CRISPS 14CT X158G TRAY
000000003800018372,PRG US BBQ CRISPS 12CT X 40G
000000003800018473,"PRG 4 FLVS CRISPS 84CT PDSTL O,SC,CC,BBQ"
000000003800018488,PRG LA ORG CRISPS 14X124G COD
000000003800018489,PRG LA SCO CRISPS 14X124G COD
000000003800018490,PRG LA CHZ CRISPS 14X124G COD
000000003800018491,PRG LA ORG CRISPS 14X124G
000000003800018492,PRG LA SCO CRISPS 14X124G
000000003800018498,PRG LA CHZ CRISPS 14X124G
000000003800018503,PRG LA BBQ CRISPS 14X124G
000000003800018505,PRG LA PIZZA CRISPS 14X124G
000000003800018514,PRG MX CHILE LIMON CRISPS 14X124G
000000003800018574,EG CONFETTI FRZ PANC MINIS 3.03OZX72
000000003800018587,PRG US CHZ 4/12PK/21G SNCKSTK
000000003800018680,PRG 3 FLVS CRISPS 728CT MOD OR/SC/CC
000000003800018684,PRG 3 FLVS CRISPS 336CT 1/2 MOD OR/SC/CC
000000003800018687,PRG 4 FLVS CRISPS 728CT MEGA MOD
000000003800018688,PRG 3 FLVS CRISPS 336CT MEGA 1/2 MOD
000000003800018698,RKT ORIG BAR MINI 32CT 12.4OZX6
000000003800018731,PRG LA CHZ CRISPS 14X149G PRM 1
000000003800018732,PRG LA SCO CRISPS 14X149G PRM 1
000000003800018733,PRG LA ORG CRISPS 14X149G PRM 1
000000003800018734,PRG MX SCO CRISPS 14X149G PRM 1
000000003800018735,PRG MX CHZ CRISPS 14X149G PRM 1
000000003800018737,PRG MX ORG CRISPS 14X149G PRM 1
000000003800018884,EG 2 FLVS WFL MODX400
000000003800018906,EG 3 FLVS WFL MODX400
000000003800018953,PRG US SCO CRISPS 8CT X 71G GNG
000000003800018954,PRG US ORG CRISPS 8CT X 67G GNG
000000003800019108,EG TF BB CBLR WFL 6CT 11.6OZX8
000000003800019109,EG MDGSCR VAN  TF FRZ WFL 6CT 11.6OZX8
000000003800019110,EG TF CINN BRWN SGR FRZ WFL 6CT 11.6OZX8
000000003800019547,NG STRW BLST BITES 10CT 13OZX5
000000003800019618,RKT ORIG MINI WM HALLWN 60CT 23.2OZX4
000000003800019719,PRG US ORG CRISPS 149GX19 WM
000000003800019720,PRG US SCO CRISPS 158G X 19CT WM
000000003800019721,PT CHOC CHIP TSTP 2CT 3.3OZX72 SS
000000003800019722,PRG US CHDRCHZ CRISPS 158G X 19CT WM
000000003800019727,PRG 4 FLVS CRISPS 336CT HF MD
000000003800019728,PRG 4 FLVS CRISPS 728CT MOD
000000003800022305,PT CHOC CHIP TSTP 16CT 27OZX8
000000003800022313,PT COOK&CRM TSTP 16CT 27OZX8
000000003800022315,PT COOK&CRM TSTP 12CT 20.3OZX12
000000003800022335,PT FRSTD BLUBRRY TSTP 8CT 13.5OZX8 RCP
000000003800022336,PT FRSTD STRWBRRY TSTP 8CT 13.5OZX8 RCP
000000003800022337,PT FRSTD BRNSGRCIN TSTP 8CT 13.5OZX8 RCP
000000003800022338,PT FRSTD SMORES TSTP 8CT 13.5OZX8 RCP
000000003800022339,PT 4 FLVS TSTP 60CT 101.5OZX1 ECOMM
000000003800022341,PT FR BRN SGR CIN TSTP 12CT 20.3OZX6 RCP
000000003800022342,PT FRSTD STRWBRRY TSTP 12CT 20.3OZX6 RCP
000000003800022548,PT HOT FDG SUN TSTP 16CT 27OZX8
000000003800022635,EG HSTYLE WFL 60 74.1OZX1 CLUB BILINGUAL
000000003800022637,EG HSTYLE WFL 10CT 12.3OZX8 BILINGUAL
000000003800022665,NG 3 FLVS BARS 8 10.4OZX4 ECOMM
000000003800022692,PT 5 FLVS TSTP MODX360
000000003800022693,PT 4 FLVS TSTP MODX600
000000003800022694,PT 8 FLVS TSTP MODX600
000000003800022697,PT 4 FLVS TSTP MODX252
000000003800022698,PT 4 FLVS TSTP MODX504
000000003800022700,PT 5 FLVS TSTP MODX216
000000003800022701,PT 6 FLVS TSTP HALF MODX240
000000003800022702,PT 8 FLVS TSTP HALF MODX300
000000003800022705,PT 6 FLVS TSTP HALF MODX175
000000003800022706,PT 2 FLVS TSTP HALF MODX84 STR BSC
000000003800022707,PT 2 FLVS TSTP HALF MODX84 STR BSC
000000003800022733,PT 3 FLVS TSTP SHPRX48 STR BSC BLU
000000003800022734,PT 4 FLVS TSTP SHPRX48 STR BSC SMO BLU
000000003800022739,PT 2 FLVS TSTP SHPRX48
000000003800022740,PT 4 FLVS TSTP SHPRX48 STR BSC SMO CHOC
000000003800022743,PT FRSTD STRWBRRY TSTP SHPRX48
000000003800022746,PT 4 FLVS TSTP SHPRX48 STR BSC CHOC CHR
000000003800022748,PT 5 FLVS TSTP SHPRX150
000000003800022750,PT 3 FLVS TSTP SHPRX150
000000003800022764,PT FRSTD STRWBRRY TSTP SHPRX8
000000003800022768,PT 3 FLVS TSTP SHPRX60
000000003800022773,PT 4 FLVS TSTP SHPRX100 STR BSC SMO BLU
000000003800022774,PT 4 FLVS TSTP SHPRX100 STR BSC SMO CHR
000000003800022777,PT 3 FLVS TSTP SHPRX100
000000003800022781,PT 4 FLVS TSTP SHPRX20
000000003800022894,PT FRSTD STRWBRY TSTP 8CT 13.5OZX12 EXPT
000000003800022896,PT COOK&CRM TSTP 8CT 13.5OZX12 EXPT
000000003800022897,PT FRSTD CHCFDG TSTP 8CT 13.5OZX12 EXPT
000000003800022898,PT FRSTD CHRY TSTP 8CT 13.5OZX12 EXPT
000000003800022899,PT FRSTD SMORES TSTP 8CT 13.5OZX12 EXPT
000000003800022900,PT FRSTD BLUBRRY TSTP 8CT 13.5OZX12 EXPT
000000003800022901,PT FRSTD BNSGRCIN TSTP 8CT 13.5OZX12EXPT
000000003800022903,PRG 4 FLVS CRISPS 760CT WM MOD
000000003800023007,PT FRSTD SMORES TSTP 12CT 20.3OZX12 WIP
000000003800023048,PT FRSTD CHCFDG TSTP 12CT 20.3OZX12 WIP
000000003800023100,PRG 2 FLVS CRISPS MIXED X 336ct
000000003800023211,PRG ISR BBQ CRISPS 14X158G
000000003800023212,PRG ISR ORIG CRISPS 12X67G
000000003800023213,PRG ISR SCO CRISPS 14X158G
000000003800023214,PRG ISR ORIG CRISPS 14X149G
000000003800023236,EG TF MDGSCR VAN WFL 24 CT 46.5OZX1 CLUB
000000003800023644,PRG CRISPS SNK STK 2 FLVS CRISPS 96 HFMD
000000003800023645,PRG CRISPS SNK STK 3 FLVS CRISPS 96 HFMD
000000003800024052,RKT ORIG BARS 54CT 41.9OZX1 ECOMM
000000003800024083,PRG LA ORG CRISPS 12X37G PE
000000003800024084,PRG LA CHZ CRISPS 14X124G PE
000000003800024085,PRG LA SCO CRISPS 14X124G PE
000000003800024088,PRG LA ORG CRISPS 14X124G PE
000000003800024178,PRG US SNK STK ORIG CRISPS 24X19G HLLWN
000000003800024283,PRG CRISPS SNK STK 3 FLVS CRISPS 48CTCLB
000000003800024473,RKT HMSTYL ORIG BARS 6CT 6.98OZX6
000000003800024476,RKT HMSTYL ORIG BARS 12CT 13.96OZX4
000000003800024520,Eggo Graham Cinn Fr Tst SS 100ct/1.76oz
000000003800024600,PT 3 FLVS TSTP SHPRX12 ALDI
000000003800024698,EG WHL GRN WFL 144 11.1LBX1 EMOJI BULK
000000003800024712,EG BTRMLK FRZ PANC 12CT 14.8OZX8
000000003800027729,PRG 2 FLVS CRISPS OTG SHPRX84
000000003800027744,NG 2 FLVS BARS 32CT 41.6OZX1 SOLD BY UL
000000003800027809,PRG US CHDRCHZ CRISPS 14X158G USSF
000000003800027811,PRG US ORIG CRISPS 14X149G USSF
000000003800027812,PRG US BBQ CRISPS 14X158G USSF
000000003800027815,PRG US SCO CRISPS 14X158G USSF
000000003800027857,PRG 3 FLVS CRISPS PDQ TRAYX42 DG
000000003800027880,PT AJ TSTP 8CT 13.5OZX12
000000003800027882,PT BNA BRD TSTP 8CT 13.5OZX12
000000003800027919,PRG US CHL CHSE FRS CRISPS 158GMX14 WM
000000003800027954,EG BSSW VAN WFL 4CT 7.76OZX8
000000003800027978,EG CHOC CHIP BNA WFL 10CT 12.3OZX8
000000003800027986,EG MXD BRRY TST WFL MINI 10CT 10.75OZX8
000000003800028005,PRG US CHDRCHZ CRISPS 14X158G PRINGHOULS
000000003800028072,RKT HMSTYL BARS 1.6OZX60 SS
000000003800028091,PRG US CHDRCHZ CRISPS 14X158G HLDY
000000003800028096,PRG US SCO CRISPS 14X158G HLDY
000000003800028097,PRG 4 FLVS CRISPS 336CT HLDY
000000003800028099,PRG US ORG CRISPS 14X149G HLDY
000000003800028102,PRG US BBQ CRISPS 14CT X 158G HLDY
000000003800028115,PT PMKN PIE TSTP 20.3OZX12
000000003800028118,PT PMKN PIE TSTP 16CT 27OZX8
000000003800028141,PRG MNGLS SHRPWHTCHDRRNCH PFD SNKS 2OZX6
000000003800028150,PRG MGLS SHPWCHDR RCH PFD SNKS 0.35OZX90
000000003800028152,PRG MNGLS US CHDR & SC PFD SNKS 5.5OZX6
000000003800028154,PRG MNGLS US BBQ PIZZA PFD SNKS 5.5OZX6
000000003800028156,PRG MNGLS CHDR & SR CRM PFD 16OZX132 CLB
000000003800028158,PRG MNGLS US SHPWTCDRCH PFD SNKS 5.5OZX6
000000003800028255,PRG MNGLS CHDR & SR CRM PFD SNKS 2OZX6
000000003800028330,RKT CC COOK DOUGH BARS 8CT 6.2OZX12
000000003800028444,PRG US ADBDO CRISPS 14X158G
000000003800028446,PRG US CHL HABNRO 14X158G
000000003800028472,RKT ORIG BARS QTR MODX80
000000003800028478,RKT 2 FLVS BARS HALF MODX200
000000003800028505,PT CINN ROLL TSTP BITES 5CT 7OZX5
000000003800028508,PT CINN ROLL TSTP BITES 10CT 14.1OZX8
000000003800028516,PRG US ORG CRISPS 37GX12 EASTER
000000003800028540,PT CINN ROLL BITES 3.5OZX6
000000003800028606,PT 3 FLVS TSTP 48CT 81.2OZX1 CLUB
000000003800028663,PT 4 FLVS TSTP MODX360
000000003800028710,RKT 3 FLVS BARS MINI 52CT 20.1OZX4 VRTY
000000003800028919,EG 4 FLVS WFL MODX240
000000003800028962,PT 2 FLVS TSTP QTR MODX54
000000003800029001,PRG US BBQ CRISPS 14CT X 158G PRNGHLS
000000003800029015,PT CHOCY CHIP PNCK TSTP 8CT 13.5OZX12
000000003800029017,PT STRWBRRY MLKSHK TSTP 16CT 27OZX8
000000003800029019,PT STRWBRRY MLKSHK TSTP 8CT 13.5OZX12
000000003800029022,PRG US 2 FLVS CRISPS PDSTLX84
000000003800029024,PRG LA 4 FLVS CRISPS 16CT 1011GX1 VRTYPK
000000003800029029,PT 2 FLVS TSTP HALF MODX84
000000003800029030,RKT ORIG BARS 12CT 26.4OZX6 MX
000000003800029050,PRG SNK STK 2 FLVS CRISPS 758GX78 ECOM
000000003800029057,RKT ORIWSPKLBARMINI 52CT20.2OZX1 WNTR CL
000000003800029064,RKT ORIGWSPRNKLBARMINI 32CT 12.4OZX6 HOL
000000003800029080,PRG US 3 FLVS CRISPS SHPRX56 WAGS
000000003800029081,PRG US 4 FLVS CRISPS HALF MODX336
000000003800029115,RKT ORIGWSPRNKLMINI 32CT 12.4OZX6 WM HOL
000000003800029118,RKT 2 FLVS BARS HALF MODX72
000000003800029120,PRG US 4 FLVS CRISPS SHPRX84
000000003800029123,PRG US 3 FLVS CRISPS SHPRX84
000000003800029128,PRG US 3 FLVS CRISPS SHPRX84 HLWN
000000003800029141,SPK PRTN BRWNIE BATTR BARS 12CT 19OZX6
000000003800029145,RKT ORIG BARS SHPRX48
000000003800029146,PRG US 4 FLVS CRISPS SHPRX84 HOL
000000003800029153,EG MXD BRRY FRZ PANC 8CT 9.8OZX8
000000003800029155,EG PRTN CC BRWNIE WFL 10CT 12.3OZX8
000000003800029157,EG BSSW CC WFL 4CT 7.76OZX8
000000003800029159,EG BSSW MPL WFL 12CT W/UPC 23.28OZX1CLUB
000000003800029161,EG TF DRK CC WFL 6CT 11.6OZX8
000000003800029944,SPK BLUBRRY CRISPS 36CT 15.8OZX6
000000003800029948,PT 2 FLVS TSTP PPRS 15CT 15OZX1 ECOMM
000000003800029976,PRG US 2 FLVS CRISPS SHPRX84
000000003800029977,RKT SPRNKLS BARS 16CT 11.2OZX6 WICKED2
000000003800029985,PRG SNK STK MXD CRISPS SHORT MODX54
000000003800029988,PRG SNK STK MXD CRISPS MODX108
000000003800030016,PT 3 FLVS TSTP SHPRX48 WNTR
000000003800030018,PT PMKN PIE PSTRS HUTCHX48
000000003800030019,PT PMKN PIE TSTP 8CT 13.5OZX12
000000003800030021,PT 2 FLVS TSTP PPRS SHPRX60
000000003800030024,PRG ORIG CRISPS SHPRX84
000000003800030025,EG CHOC CHIP PANC MINIS 20CT 33.8OZX1 CL
000000003800030040,NG 2 FLVS BITES 4CT SHPRX36
000000003800030051,PT 2 FLVS PSTRS SHPRX120
000000003800030059,RKT CHOC PB BARS 7CT 4.9OZX8 RCP
000000003800030063,PT FRSTD CHOC FDG TSTP 12CT 20.3OZX6 RCP
000000003800030065,PT HOT FDG SUN TSTP 12CT 20.3OZX6 RCP
000000003800030066,PRG SNK STK 3 FLVS CRISPS FLR STNDX20
000000003800030067,PRG SNK STK 3 FLVS CRISPS FLR STNDX28
000000003800030074,PRG 4 FLVS CRISPS SHORT MODX364
000000003800030097,RKT SPRNKLS BARS 8CT5.6OZX8 SONIC RCP
000000003800030112,PT FRSTDSTRWBRRY TSTP 2CT3.3OZX72 SS WIP
000000003800030121,RKT ORIG MEGA BAR 2.2OZX72 HOL SS
000000003800030125,PT 2 FLVS CRNCHY PPRS SHPRX36
000000003800030130,PRG SNK STK 3 FLVS CRISPS 366GX1
000000003800030142,PRG SNKSTK US ORIGCSPSOTG 1140GX52HWNCLB
000000003800030148,PRG US 3 FLVS CRISPS FLR STNDX56 WG
000000003800030162,PRG US LD HTDG CRISPS 158GX14 CSTCO
000000003800030167,MXD WS 2 FLVS BARS SHPRX54
000000003800030168,EG BTRMLK PANC MINIS 80CT 28.2OZX4
000000003800030178,PRG US BR CAN CHKN CRISPS 158GX14
000000003800030180,PRG BR BRTS CRISPS 158GX14
000000003800030183,PRG SNK STK 3 FLVS CRISPS HLF MODX48 SMR
000000003800030186,EG BSSW SPCY MPL WFL 4CT 7.76OZX8 KROGER
000000003800030189,PRG US ALLDRSD CRISPS 158GMX14
000000003800030202,PRG US ORIG CRISPS 37GX12 HOL
000000003800030208,MXD WS 4 FLVS MIX SHPRX48
000000003800030209,PRG US 3 FLVS CRISPS HLF MODX504
000000003800030212,PRG US ORG CRISPS 194G X 14 MEGA FL FTBL
000000003800030213,PRG US SCO CRISPS 203G X 14 MEGA FL FTBL
000000003800030214,PRG US CHDRCHZ CRISPS 203G x 14 FL FTBL
000000003800030215,PRG US BBQ CRISPS 203G X 14CT FL FTBL
000000003800030216,PRG US ORG 12/67G FL FTBL
000000003800030217,PRG US SCO 12/71G FL FTBLL
000000003800030218,PRG US CHDR CHZ 12/71G FL FTBL
000000003800030219,PRG 4 FLVS CRISPS FLR STNDX56
000000003800030220,PRG US 2 FLVS CRISPS FLR STNDX108
000000003800030221,PRG 2 FLVS CRISPS FLR STNDX36
000000003800030235,PRG MNGLS US DLPKLRCH PFDSNKS 5.5OZX6
000000003800030237,PRG MNGLS CHDR SR CRM PFD SNK 0.35ozx90
000000003800030243,PRG MNGLS CHDR & SR CRM PFD 12OZX176 CLB
000000003800030248,RKT CRML BARS 2.1OZX72 SS
000000003800030253,PRG US ORIG SS Crisp Valentine 24ct x19g
000000003800030254,PRG CRISPS SNK STK 3 FLV CRISPS 27CT BTS
000000003800030255,PRG CRISPS SNK STK 6 FLV CRISPS 27CT BTS
000000003800030256,PRG US ORG 4/12PK/19G SNCKSTK BTS
000000003800030257,PRG US SCO 4/12PK/21G SNCKSTK BTS
000000003800030258,PRG US CHZ 4/12PK/21G SNCKSTK BTS
000000003800030262,PRG US CNRTAS TACOS CRISPS 158GMX14
000000003800030266,PT COCNTCRMLTSTP 8CT13.5OZX12 GS LICROTL
000000003800030268,PT MINTCHOC TSTP 8CT13.5OZX12 GS LICROTL
000000003800030279,PRG 4 FLVS CRISPS HLF MODX336
000000003800030296,PRG SNK STK 3 FLVS CRISPS SHORT MODX96
000000003800030300,PT MINT CHOC TSTP 16CT 27OZX8 GS LICROTL
000000003800030302,PT COCNTCRML TSTP 16CT27OZX8 GS LIC ROTL
000000003800030304,PT 3 FLVS FRUIT TSTP 12CT 20.3OZX12
000000003800030306,PRG US SCO CRISPS 40GX12 HOL
000000003800030312,RKT CPB BARS 12CT18.2OZX96 SS AFH
000000003800030643,PRG 4FLVR 84ct PDLSTL 3800018473
000000003800030645,PRG 12ct SS 2Flvr 36CT Shpr 3800030221
000000003800030646,PRG 96ct 2Flvr 12ct SS HlfMod 380002364
000000003800030669,PT 2 FLVS TSTP FLR STND SHPRX48 GSCOUT
000000003800030670,PT 4 FLVS TSTP FLR STND SHPRX48 GSCOUT
000000003800030678,RKT ALLG CHOCY PB BARS 7CT 5.4OZX12
000000003800030681,PT 4 FLVS TSTP SHPRX30 FMLY DOLL
000000003800030682,RKT ORIG MEGA BARS SHPRX120 HOL
000000003800030683,RKT ALLG CHOCY PB BARS 14CT 10.8OZX6
000000003800030691,PT APL CRSP TSTP 8CT 13.5OZX12 PT BWL WM
000000003800030699,SPK PRTN CCCD BARS 18CT 28.57OZX1 ECOMM
000000003800030708,PRG SNK STK 4 FLVS CRISPS 24.9OZX1 CLUB
000000003800030714,PRG US ORG CRISPS 37GX12 EASTER WM
000000003800030720,PT 2 FLVS TSTP 32CT 54.1OZX1 CLUB
000000003800030738,RKT CHOC BARS PRETZEL 1.5OZX96 SS
000000003800030741,RKT CRML PRTZL BARS 1.5OZX96 SS
000000003800030763,RKT ORIG MINIS 120CT 46.5OZX1 CLUB HALLO
000000003800030765,PT 3 FLVS CHOC TSTP 12CT 20.3OZX12
000000003800030783,PT STRWBRRY CHSECAKE TSTP 8CT 13.5OZX12
000000003800030787,PT CHOCCHIP COOKDOUGH TSTP 8CT13.5OZX12
000000003800030789,PRG US SPCY GCML CRISPS 158GX14
000000003800030791,PRG US BUFFLO WNGS CRISPS 158GX14
000000003800030793,PRG US GHST PPR RNCH CRISPS 14x158G
000000003800030807,RKTORIGW/SPRNKLSBARS 32CT12.4OZX6 SMMR
000000003800030812,PRG US SPCY LD NCHS CRISPS 158GX14
000000003800030821,RKT HMSTYL ORIG BARS 10CT 11.6OZX6
000000003800030824,PT 2 FLVS TSTP 48CT81.2OZX1  CLUB
000000003800030827,PT FRSTD CHOC FDG TSTP 8CT 13.5OZX8 RCP
000000003800030829,PT 3 FLVS TSTP FLOOR STANDX36
000000003800030830,MXD WS FAVORITE SNACKS CSP 20CT 19.9OZX4
000000003800030836,PT FRSTD CHERRY TSTP 8CT 13.5OZX8 RCP
000000003800030840,PRG 2 FLV SPCY NCH CRISPS SHPRx84
000000003800030844,PRG US 3 FLVS CRISPS SHPRX42 DG
000000003800030847,PT 3 FLVS FRUIT TSTP 16CT 27OZX8 WM
000000003800030849,PT 2 FLVS FAV TSTP 16CT 27OZX8 WM
000000003800030851,PT 3 FLVS CHOC TSTP 16CT 27OZX8 WM
000000003800030856,PRG MNGLS 2 FLVS CRISPS 7OZX4
000000003800030881,RKT 2 FLVS BARS FLOOR STANDX48
000000003800030882,PRG 3 FLVS CRISPS SHPRX56
000000003800030884,PRG 3 FLVS CRISPS 10 CT G&G ORG/SCO/CC
000000003800030885,PT BL RSPBRRY TSTP 8CT 13.5OZX12
000000003800030891,PT FR STRWBRRY TSTP 36CT 60.9OZX1 WM
000000003800030893,PT FRSTDBRWNSGRCINN TSTP 36CT60.9OZX1 WM
000000003800030895,PT 2 FLVS TSTP STRW BSC 36CT 60.9OZX1 WM
000000003800030897,PT 3 FLVS TSTPSTRWCHRYBB 36CT60.9OZX1 WM
000000003800030899,PT 2 FLVSTSTP SMOCHCFDG 36CT 60.9OZX1 WM
000000003800030901,PT 4 FLVS TSTP SHPRX48
000000003800030912,RKT 3 FLVS BARS 60CT45.15OZX1 CLUB
000000003800030920,CI CSP PRINGLES 3 FLV ECOMM VRTY PACK
000000003800030921,RKT ORIG SHEET 2CT64OZX1  CLUB
000000003800030923,EG BTRMLK WFL 2CT 2.4OZX10
000000003800030925,EG CHOC CHIP WFL 2CT 2.4OZX10
000000003800030939,EG PRTN BTRMLK VAN FZN WFL 10CT 12.3OZX8
000000003800030944,RKT CHOC PB ALLG BARS 7CT 5.4OZX8 RCP
000000003800030947,RKT CHOC PB BARS SHPRX48
000000003800030948,RKT ALLG 2 FLVS BARS 30CT 23.2OZX1 ECOMM
000000003800030949,RKT 2 FLVS BARS SHPRX70
000000003800030950,PT COOKNCRM TSTP 12CT20.3OZX6  RPK
000000003800030951,PT FRSTD CHRY TSTP 12CT20.3OZX6  RPK
000000003800030952,PRG US BR BRSD STK CRISPS 158GX14
000000003800030956,PRG 3Flvr336ct PrtyStck HlfMod3800018688
000000003800030957,PRG MNGLS US JLPN&QSO PFD SNKS 5.5OZX6
000000003800030959,RKT 3 FLVS BARS HALF MODX160
000000003800030963,PRG US 3 FLVS CRISPS SNK STK TRAYX6 ALDI
000000003800030964,RKT 3 FLVS BARS HALF MODX352
000000003800030965,PRG US CRSP 3Flvr 36ct SNKSTK VP
000000003800031007,PRG US PRG 2 FLVS CRISPS FLR STNDX84 KR
000000003800031245,EG HSTYLE WFL 24CT 29.6OZX4 BTS
000000003800031246,EG BTRMLK WFL 24CT 29.6OZX4 BTS
000000003800031247,EG BLUBRRY WFL 10CT 12.3OZX8 BTS
000000003800031248,EG ORIG FR TST FRZ STCK 8CT 12.7X8 BTS
000000003800031249,EG CINN FR TST FRZ STCK 8CT 12.7X8 BTS
000000003800031250,EG CINN TST WFL MINIS 10CT 10.75OZX8 BTS
000000003800031255,PRG 5 FLVS CRISPS MODX728
000000003800031256,PRG SNK STK PIZZA CRISPS 12CT 21G
000000003800031263,PRG SNK STK 4 FLVS CRISPS HLF MODX48 BTS
000000003800031267,PRG US SMKY BACN CRSP 14x158G
000000003800031269,PRG US SMKY CHDR CRSP 14X158G
000000003800031273,PRG US SHRP WHT CHDR CRSP 14X158G
000000003800031275,PRG US SMKY MESQT BBQ CRSP 158GX14
000000003800031277,PRG US DG EFP BBQ RIBS CRSP 14X158G
000000003800031285,31181 NG 2 FLVS BARS SHPRX56 Buy2Save$1
000000003800031299,PT 4 FLVS TSTP HLF MODX360 WM DIS MARVL
000000003800031300,PRG US 3 FLVS CRISPS HLF MODX504 SUMMER
000000003800031301,PT 4 FLVS TSTP 243OZX18 GS
000000003800031306,PRG US 4FLVR BUFFALO WING LTO AFH SHPR
000000003800031315,PRG US BBQ CRISPS 12CT X 71G FL FTBL
000000003800031316,PRG US 24CT ORIG CRSP SS 16OZX1 HOLIDAY
000000003800031319,SPK PRTN CPB BARS 18CT 28.6OZX1 CLUB
000000003800031324,PT 4 FLVS TSTP MODX175
000000003800031331,19727 PRG 4 FLVS CRISPS 336CT 2025 HLWN
000000003800031338,RKT ORIG BARS 32CT 12.4OZX6 FD RPK HALLO
000000003800031342,RKT DBL CHOC CHNK BARS BIG 3OZ 12CTX6 MX
000000003800031347,RKT SPRNKLS BARS FLOOR STANDX48
000000003800031348,PT WILD BRRY TSTP 8CT 13.5OZX8 RCP
000000003800031732,PT FRSTD STRWBRRY TSTP 2CT 3.3OZX72 SS
000000003800031832,PT FRSTD CHRY TSTP 2CT 3.3OZX72 SS
000000003800032815,PRG SS ORIG CRSPSOTG VALENTINE HLFMODX48
000000003800032817,RKT ORIG BARS 1.3OZX2 DRC RPK
000000003800032820,EG HSTYLE FRZ WFL 10CT 12.3OZX8 STNGR TN
000000003800032825,RKT ORIG BAR MINI 11GX600 SS MX BULK
000000003800032827,RKT 2 FLVS BARS SHPRX28 FD PDQ TRAY
000000003800032842,MXD WS 5 FLVS QTR MODX82
000000003800032843,PRG US PRG MNGLS 3 FLVS PFD SNKS SHPRX48
000000003800032844,PRG MNGLS US JLPN & QSO PFD SNKS 2OZX6
000000003800032846,PRG MNGLS US CINN SGR PFD SNKS 5.5OZX6
000000003800032848,PRG US MNGLS 3 FLVS PFD SNKS SHIPPERX72
000000003800032849,PRG US MNGLS 3 FLVS PFD SNKS 180CT
000000003800032850,PRG US CRSP HOT ONES LG GNG CLSIC 12X71G
000000003800032852,PRG US BRBCOA CRSP LG GNG HOTONS 71gX12
000000003800032858,PRG US CRSP SMOKY & SWC 4FLVR 84CT SHPR
000000003800032859,PRG US CRSP SMOKY & SWC 728CT 6FLVR FUL
000000003800032860,PRG US MNGLS CINN SGR 48CT SHIPPER
000000003800032861,PRG 2 FLVS CRSPS CAN SHPRX84 KR
000000003800032864,RKT ORIG BARS QTR MODX40 KR HLLWN
000000003800032870,PRG US 2 FLVS CRISPS SHPRX70 MVMBR
000000003800032876,PRG 3 FLVS CRISPS 1/2 MODX336 MVMBR
000000003800032877,PRG US ORG CRISPS 194G X 14 MVMBR
000000003800032878,PRG US SCO CRISPS 203G X 14 MVMBR
000000003800032879,PRG US CHDRCHZ CRISPS 203G x 14 MVMBR
000000003800032880,PRG US BBQ CRISPS 203G X 14 MVMBR
000000003800032881,PRG US 5 FLVS CRISPS OTG HLF MODX504
000000003800032882,PRG US MNGLS 3 FLVRS PFS SNKS 48CT SHPR
000000003800032884,PRG US CRSP 2 FLVR GNG 18CT HOLIDAY TUBE
000000003800032887,RKT 3 FLVS BARS FLOOR STANDX44
000000003800032888,PT 3 FLVS TSTP TRAY SHPRX12
000000003800032889,PT CINN ROLL TSTP 13.5OZX12 PT BWL
000000003800032890,PRG US SNK STK 3 FLVS CRISPS OTG 366GX1
000000003800032897,PRG MNGLS USCINN SGR PFDSNKS 5.5OZX6 HOL
000000003800032898,30221 PRG 2 FLVS CRISPS FLR STNDX36 BTS
000000003800032899,30067PRGSNKSTK 3FLVS CRISPS FLR STND BTS
000000003800032900,23644 PRGCRISP SNKSTK 2FLV 96 HFMD BTS
000000003800032901,NG 8CT SPK 12CT 4 FLVS BARS SHPRX60
000000003800050033,PT HOTFDGSUN TSTP 12CT 20.3OZX12
000000003800050037,PT HOTFDGSUN TSTP 8CT 13.5OZX12
000000003800050469,PT HOTFDGSUN TSTP 2CT 3.3OZX12 SS
000000003800051109,RKT ORIG BAR MINI 0.39X600 SS
000000003800052402,RKT ORIG BAR 25.5OZ 12CTX4 SS
000000003800055122,PT WHLGRN BRNSGCN TSTP 1.69OZ 10CTX12 SS
000000003800055125,PT WHLGRN BRNSGCN TSTP 2CT 3.3OZX72 SS
000000003800055130,PT WHL GRN STRW TSTP 1.69OZ 10CTX12 SS
000000003800055133,PT WHL GRN STRW TSTP 2CT 3.3OZX72 SS
000000003800056514,EG STRW FRZ WFL 10CT 12.30X8
000000003800056923,SPK CRSP STRW BAR 2CT 0.88OZX81 SS
000000003800059772,NG STRW BAR 1.55OZ 16CTX6 SS
000000003800059779,NG APL CINN BAR 1.55OZ 16CTX6 SS
000000003800070274,EG CHOC CHIP FRZ PANC MINIS 8.4OZX8
000000003800073914,EG CHOC CHP WFL 60CT 74.1OZX180 CLUB
000000003800076603,EG CINN FR TST FRZ STCK 8CT 12.7X8
000000003800076605,EG ORIG FR TST FRZ STCK 8CT 12.7X8
000000003800079118,SPK CHOC PB BAR 12CT 19OZX6
000000003800079128,SPK PRTN STRW BAR 12CT 19OZX6
000000003800080693,EG ORIGFRNCHTST MINI FRZ BITES 3.03OZX72
000000003800080801,EG CHOCCHIPFRTST MINI FZ BITES 3.03OZX72
000000003800084555,PRG US SCO 12/40G
000000003800084556,PRG US CHDR CHZ 12/40G
000000003800084557,PRG US ORG 12/37G
000000003800084560,PRG US SCO 12/71G
000000003800084561,PRG US CHDR CHZ 12/71G
000000003800084563,PRG US ORG 12/67G
000000003800084566,PRG US CHDR CHZ 60/21G SNCKSTK
000000003800084568,PRG US SCO 60/21G SNCKSTK
000000003800084577,PRG US ORG 4/12PK/19G SNCKSTK
000000003800084578,PRG US SCO 4/12PK/21G SNCKSTK
000000003800084673,PRG LA ORG 12/37G
000000003800084674,PRG LA SCO 12/40G
000000003800084675,PRG LA CHZ 12/40G
000000003800084680,PRG LA SCO 14/137G
000000003800084684,PRG LA ORG 14/137G
000000003800084686,PRG LA BBQ 14/137G
000000003800084687,PRG LA JALAPENO 14/137G
000000003800084688,PRG LA PIZZA 14/137G
000000003800084893,PRG US SLT VNGR 12X71G
000000003800084900,PRG EO DUMMY CODE
000000003800084949,PRG LA PIZZA 12X40G
000000003800090819,NG BLUBRRY BAR 1.55OZ 16CTX96 SS
000000003800091471,PRG US GEM ORG 60/19G SNCKSTK
000000003800092313,EG CINN FRZ WFL MINIS 2.64OZX72
000000003800092315,EG MAPL FRZ WFL MINIS 2.64OZX72
000000003800092560,EG BLUBRRY FRZ PANC MINIS 3.03OZX72
000000003800092562,EG MAPL FRZ PANC MINIS 3.03OZX72
000000003800092969,PRG US GEM CHDR CHZ 60/21G SNCKSTK
000000003800092970,PRG US GEM SCO 60/21G
000000003800093423,PRG US PIZZA 60/21G SNCKSTK INGR
000000003800093424,RKT ORIG BAR 8CT 6.2OZX8 RCP
000000003800094063,EG HSTYLE FRZ WFL 72CT 88.8OZX1 CLUB
000000003899999999,EDI DUMMY SKU
000000005008373704,PT VERY CHRY TSTP 8CT 14.11X12
000000005008375944,PT BUSTIN BRY TSTP 8CT 14.11OZX8
000000005008375949,PT BUSTIN BRY TSTP 21.16X12
000000005008375954,PT APL BLAST TSTP 21.16X12
000000005008375958,PT APL BLAST TSTP 14.11X8
000000005008376362,PT VERY CHRY TSTP 21.16X12
000000005200002001,PT STRWBRY SNSTN TSTP 8CT 13.5OZX12 UK
000000005200002003,PT STRWBRY SNSTN TSTP 8CT 13.5OZX12 UK
000000005200005001,PT CHOCOTASTIC TSTP 8CT 13.5OZX12 UK
000000005200005003,PT CHOCOTASTIC TSTP 8CT 13.5OZX12 UK
000000005200005004,PT CHOCOTASTIC TSTP 8CT 13.5OZX12 UK
000000005200032001,PT STRWBRY SNSTN TSTP 8CT 13.5OZX12 GER
000000005200032002,PT STRWBRY SNSTN TSTP 8CT 13.5OZX12 GER
000000005200034001,PT CHOCOTASTIC TSTP 8CT 13.5OZX12 GER
000000005200034002,PT CHOCOTASTIC TSTP 8CT 13.5OZX12 GER
000000005200034003,PT CHOCOTASTIC TSTP 8CT 13.5OZX12 GER
000000005200043001,PT HOTFDGSUN TSTP 8CT 13.5OZX12 UK
000000005200043002,PT HOTFDGSUN TSTP 8CT 13.5OZX12 UK
000000005200046001,PT HOTFDGSUN TSTP 8CT 13.5OZX12 GER
000000006410012580,PRG CA HLLWN 90-32x19G FULL DRP
000000006410012611,TH ORIG CRCKR 391GMX12
000000006410012613,TH FLIPSIDES ORIG CRCKR 260GMX12
000000006410012832,SPK 2 FLVS CRSP BAR 40CT 500GMX8
000000006410012834,SPK 2 FLVS CRSP BAR DRP 60CT 750GMX192
000000006410013083,PT CHOC CHIP TSTP 8CT 384GMX12
000000006410013085,PT FRSTD CHOC FDG TSTP 8CT 384GMX12
000000006410013087,PT FRSTD BLUBRRY TSTP 8CT 384GMX12
000000006410013089,PT FRSTD SMORES TSTP 8CT 384GMX12
000000006410013091,PT FRSTD STRWBRRY TSTP 8CT 384GMX12
000000006410013093,PT FRSTD RSPBRRY TSTP 8CT 384GMX12
000000006410013095,PT ASSTD TSTP 24CT 1152GMX10
000000006410013096,PT COOK&CRM TSTP 8CT 384GMX12
000000006410013151,CHZIT CRNCH SHRP WHT CHDR CRKR 92GMX6
000000006410013154,CHZIT CRNCH SHRP WHT CHDR 191GMX12
000000006410013156,CHZIT CRUNCH CHDR RNCH CRCKR 92GMX6
000000006410013159,CHZIT CRNCH CHDR RNCH CRKR 191GMX12
000000006410013169,CHZIT ORIG CRKR 6ct Tray 510GMX6
000000006410013172,CHZIT ORIG CRCKER 200GX12
000000006410013276,PRG CA 3 FLV CRISPS 36CT 1380GMX56 CLUB
000000006410013286,CHZIT ORIG CRCKR 28GMX100
000000006410013330,ZSTA SALTINE CAN 500/2ct CRKR RESTPK NLI
000000006410013331,ZSTA UNSLTD CAN 500/2ct CRKR REST PK NLI
000000006410013442,PRG CA MIX 1/2 CSDRP 148GMX420 BG
000000006410013447,CHZIT MIX PPK 191GMX84 BG
000000006410013489,PRG MIX PPK 148Gmx84
000000006410013522,PT MIX CHDRP 384GMX480
000000006410013524,PT NG RKT HDRP 176GMX384
000000006410013529,MIX BARS HDRP 295GMX264
000000006410013530,PT FRS MIX HDRP 384GMx480
000000006410013544,EG BLUBRRY FRZ WFL 280gmx12 NTLLA PROM
000000006410013615,PT NG CHDRP 295GMX396
000000006410013687,CHZIT ITAL CHSE CRCKR 200GMX12
000000006410013689,CHZIT EXTRA CHSY CRCKR 200GMX12
000000006410013693,CHZIT CRNCH ORG CHDR CRCKR 191GMX12
000000006410013768,EG ORIG FR TST STCKS 6 CT 270GMX12
000000006410013770,EG CINN  FR TST STCKS 6 CT 270GMX12
000000006410013772,PRG CRISPS SNK STK CA BBQ CRISPS 4X228GM
000000006410013774,PRG CA HNY MSTRD CRISPS 156GMx14
000000006410013797,PRG CA MIX 1/2 CSDRP 148GMX420 GAMING
000000006410013798,PRG CA MIX 1/2 CSDRP 148GMX420 GAMING
000000006410013799,PRINGLES CA MIX 1/2 CSDRP 148GMX420 GAMI
000000006410013801,PRG CA MIX CSDRP 148GMX910 GAMING
000000006410013802,PRG CA MIX PPK 148GMX112 GAMING
000000006410013841,PT FRSTD STRWBRRY TSTP 16CT 768GMX8
000000006410013902,PRG CA MIX 1/2 CSDRP 148GMX420 BG
000000006410013903,PRG CA MIX 1/2 CSDRP 148GMX420 BG
000000006410013905,PRG CA MIX HDRP 148GMx420 BG
000000006410013906,PRG CA MIX PPK 148GMX112 BG
000000006410013907,PRG CA MIX CSDRP 148GMX910 BG
000000006410014013,CHZIT MIX PPK 191GMX84 MLS
000000006410014016,PRG CA MIX 1/2 CSDRP 148GMX420 MLS
000000006410014017,PRG CA MIX HDRP 148GMx420 MLS
000000006410014018,PRG CA MIX PPK 148GMX112 MLS
000000006410014024,PT NG RKT HDRP 176GMX384 MLS
000000006410014025,MIX BARS HDRP 295GMX264 MLS
000000006410014027,PT FRS MIX HDRP 384GMx480 MLS
000000006410014042,PT MIX CHDRP 384GMX480 MULTISAVE
000000006410014043,PT NG CHDRP 295GMX396 MULTISAVE
000000006410014112,PRG CA CHDR SR CRM PTO CHIPS 156GX14
000000006410014121,CHZIT ORIG CRCKR 352G X 12CT
000000006410014191,EG MDGSCR VAN TF FRZ WFL 6CT 330GMX 8
000000006410014193,EG TF CINN BRWN SGR FRZ WFL 6CT 330GMX8
000000006410014195,EG TF BLUBRRY FRZ WFL 6CT 330GMX8
000000006410014207,PT 3 FLVS PSTRS 48CT 2300GMX168 CLUB
000000006410014273,PRG CA CHDR CHZ PTO CHIPS 203GMX14
000000006410014352,PT FRS MIX HDRP 384GMx480 CrnchNLI
000000006410014357,CHZIT HDRP 191GMx372
000000006410014369,PRG CA MEGA FDRP 194GMX546
000000006410014370,PRG CA MEGA HDRP 194GMX252
000000006410014399,PT NG RKT HDRP 176GMX384 NGNLI
000000006410014998,PRG MNGLS CA CHDR & SC PFD SNKS 9G X 90
000000006410015000,Pringles 27ct Variety Pack HDRP
000000006410015009,TH MDTRN HRB CRCKR 247GMX12
000000006410015026,CHZIT MIX PPK 191GMx84
000000006410015038,CHZIT MX FDRP 191GMX744
000000006410015040,EG PRTN STRW BLST WFL 8CT 280GMX12
000000006410015042,EG PRTN CHOC CHP BRWNIE WFL 8CT 280GMX12
000000006410015046,PRG CA LS CLNTS RJO PTO CHIPS 156GMX14
000000006410015048,TH FLTBRD CRSPS SLT OLV OIL CKR 247GMX12
000000006410015053,PRG CA LS CLNTS BBCOA PTO CHIPS 156GMX14
000000006410015055,PRG CA LS CLNTS VRDS PTO CHIPS 156GMX14
000000006410015057,PRG CA CH&LM PTO CHIPS 156GMX14
000000006410015059,PRG CA ST TACOS PTO CHIPS 156GMX14
000000006410015061,PRG CA MEX ST CRN PTO CHIPS 156GMX14
000000006410015071,PRG CA SW CHL SCE PTO CHIPS 131GMX14
000000006410015076,EG PRTN STRW BLST WFL 40CT 1400GMX240 CL
000000006410015090,8646712775 PRG MASALA PTO CHIPS 102GMX12
000000006410015093,8646712777 PRG HTSPCY PTO CHIPS 102GMX12
000000006410015102,RKT 2 FLVS BARS 28CT 588GMX8 VRTY PCK
000000006410015105,PT 2 FLVS PSTRS 24CT672GMX1 CSTCO CLUB
000000006410015166,TH ORIG CRCKR 391GMX12 HOL
000000006410015167,TH FLIPSIDES ORIG CRCKR 260GMX12 HOL
000000006410015170,TH ITAL HERB CRCKR 247GMX12 HOL
000000006410015171,TH SSLT PT CRSP CRCKR 247GMX12 HOL
000000006410015174,PT BRWN SGR CINN PSTRS 8CT 384GMX12
000000006410015192,CHZIT ORIG CRKR 28GMX40
000000006410015196,PRG CA MNGLS HDRP 3FLV 155GMx180
000000006410015197,PT HOT COCOA/MIDSIZE HDRP 352GMx260
000000006410015198,PRG CA PTY MINGLS MIX HDRP 155GMx256
000000006410015199,PRG CA FIESTA  MIX HDRP 156GMx420
000000006410015200,RKT HOLIDAY SPRNKLS 1/2DRP BAR 176gmx360
000000006410015201,RKTHOLSPRNKL PT MIX HDRP 176GMX39
000000006410015210,PRG CA MNGLS 2 FLVS CRISPS PPK 155GMX48
000000006410015211,PRG CA 2 FLV FIESTA PPK CRISPS 156GMX112
000000006410015214,CHZIT BCNTR CRCKR 351GMX12
000000006410015223,TH 4FLVS CRCKR HDRP 247GMx276
000000006410015229,PRG CA ETHNIC DRP 131GMX418
000000006410015230,PRG SN ST MIX HDRP 228GMX120
000000006410015231,PRG CA ETHNIC PPK 103GMX120
000000006410015234,PRG CA 3 FLVS PTOCHIPS 36CT 1380GMX56 CL
000000006410015236,PT FRSTD SMORES PSTRS 2CT 96GMX12
000000006410015239,PT FR STRWBRRY PSTRS 2CT 576GMX12
000000006410015242,PRG CA HOT ONES MIX PPK 156GMX14
000000006410015243,PRG CA HOT ONES MIX HDRP 156GMX420
000000006410015244,RKT VARIETY JUMBO HDRP MOD 660GMX120
000000006410015245,PT CHURRO/STRWM MIX HDRP 384GMx480
000000006410015250,SPK STRW PSTRY CRSPS 125GMX8 NAFOC
000000006410015251,SPK BLUBRRY PSTRY CRSPS 125GMX8 NAFOC
000000006410015252,SPK STRW CRISPS CADDY 24CT 300gmx6 NAFOC
000000006410015253,SPK BLUBRRYCRISPSCADDY 24CT 300gmx6NAFOC
000000006410015254,SPK 2 FLVS CRSP BAR 40CT 500 GMX8 NAFOC
000000006410015256,PRG CA QC MIX 1/2 CSDRP 148GMX420
000000006410015257,PT HOT FDG SUN PSTRS 8CT384GMX12
000000006410015260,PRG CA SC ONION CRISPS 95GMX12 WM
000000006410015263,PRG CA SLT VNGR CRISPS 95GMX12 WM
000000006410015269,PRG ORIG PTO CHIPS 95GMX12
000000006410015272,CHZIT FAM/SNPD MIX HDRP 213GMx240
000000006410015288,EG STRWBRRY WFL 8CT 280GMX12 STNGR THNGS
000000006410015298,EG PRTN BTRMLK FZN WFL 8CT 280GX12
000000006410015300,SPK 2 FLVS CRSP BAR DRP 60CT 750GMX192
000000006410015301,PRG CA MNGLS 3FLV PPK 155GMx60
000000006410015302,EG PRTN BTRMLK WFL 40CT 1400GMX240 CL
000000006410015305,GRHMS CRCKR EGGO 28ct 784GX140 CLUB
000000006410015309,EG CHOC CHIP PANC MINIS 5CT 240GMX8
000000006410015311,CHZIT BCN HDRP 351Gx276
000000006410015312,TH MIX PPK 247GMx72
000000006410015314,PT/NG/RKSB MIX HDRP
000000006410015398,RKT ORIG BAR 30CT 660GMX8
000000006410085305,PRG CA BBQ 12/39G
000000006410090642,RKT DBLE CHOCO CHNK BAR 12CT 1020GMX6
000000006410092093,PRG CN SCO 12/68G GNG STLK
000000006410092095,PRG CN SCO 12/39G SMALL STLK
000000007000021024,PRG AP SCO 18/165G
000000007000023008,PRG AP H&S 18/165G
000000007000250005,PRG AP H&S CRISPS 12X40G MTX AP PEP JXS
000000007000271011,PRG AP ORG CRISPS 12X40G MTX AP PEP JXS
000000007000279016,PRG AP SCO CRISPS 12X40G MTX AP PEP JXS
000000007000279017,PRG AP SCO CRISPS 12X40G CLNY
000000007000487116,PRG AP ORG CRISPS 18X165G
000000007000488118,PRG AP SCO CRISPS 18X165G
000000007000492055,PRG AP H&S CRISPS 18X165G
000000007001258044,PRG AP H&S CRISPS 19X165G RAL PEP AP JXS
000000007001258047,PRG AP H&S CRISPS PR-RG H&S 19X165G RAL
000000007001258053,PR-RG H&S 19X165G RAL PEP AP SFDA JXS
000000007001262065,PRG AP ORG CRISPS 19X165G RAL PEP AP JXS
000000007001262071,PRG AP ORG CRISPS PR-RG ORG 19X165G RAL
000000007001262080,PR-RG ORG 19X165G RAL PEP AP SFDA JXS
000000007001264064,PRG AP SCO CRISPS 19X165G RAL PEP AP JXS
000000007001264067,PRG AP SCO CRISPS PR-RG SCO 19X165G RAL
000000007001264078,PR-RG SCO 19X165G RAL PEP AP SFDA JXS
000000007001538034,PR-RG BBQ 19X200G RAL PEP AP SFDA JXS
000000007001544056,PR-RG ORG 19X200G RAL PEP AP SFDA JXS
000000007001547053,PR-RG SCO 19X200G RAL PEP AP SFDA JXS
000000007001558032,PR-RG H&S 19X200G RAL PEP AP SFDA JXS
000000007016306002,PRG AP H&S 19X165G MEG PEP JXS
000000007016306009,PRG AP H&S 19X165G HAL PEP 10L JXN
000000007016306012,PRG AP H&S 19X165G HAL PEP 9L JXS
000000007016306013,PRG AP H&S 19X165G NON HAL PEP 9L JXS
000000007016314002,PRG AP ORG 19X165G MEG PEP JXS
